{"loss": 0.3105598986148834, "accuracy": 0.8895000219345093}