{"loss": 0.3015717566013336, "accuracy": 0.8920000195503235}