{"loss": 0.45962706208229065, "accuracy": 0.833299994468689}