{"loss": 0.30321720242500305, "accuracy": 0.8934999704360962}