epoch,loss,accuracy
1,0.6384839415550232,0.7834333181381226
2,0.4073088765144348,0.859333336353302
3,0.35643598437309265,0.8751500248908997
