epoch,loss,accuracy
1,0.7143652439117432,0.7365333437919617
2,0.5962294340133667,0.7816333174705505
3,0.5707314610481262,0.7918000221252441
