epoch,loss,accuracy
1,0.5014569163322449,0.8177333474159241
2,0.36914733052253723,0.865149974822998
3,0.33301520347595215,0.8762333393096924
