epoch,loss,accuracy
1,0.5875561237335205,0.7949000000953674
2,0.3928229510784149,0.8612333536148071
3,0.3426777422428131,0.8792833089828491
