step	accuracy
0	0.7834333181381226
1	0.859333336353302
2	0.8751500248908997
