step	accuracy
0	0.84753
1	0.87761
2	0.90862
