step	accuracy
0	0.8177333474159241
1	0.865149974822998
2	0.8762333393096924
