step	accuracy
0	0.84753
1	0.87761
2	0.90862
3	0.91023
4	0.91101
5	0.91543
6	0.91559
7	0.91653
8	0.92109
