step	accuracy
0	0.7365333437919617
1	0.7816333174705505
2	0.7918000221252441
