step	accuracy
0	0.7949000000953674
1	0.8612333536148071
2	0.8792833089828491
